,TICKER_LIST
1,A
2,B
3,C
4,D
5,E
6,F
7,G
8,H
9,J
10,K
11,L
12,M
13,O
14,R
15,S
16,T
17,U
18,X
19,Z
20,AA
21,AB
22,AG
23,AI
24,AL
25,AM
26,AN
27,AP
28,AR
29,AU
30,AX
31,AY
32,BB
33,BC
34,BE
35,BG
36,BJ
37,BK
38,BL
39,BP
40,BQ
41,BR
42,BV
43,BW
44,BX
45,CB
46,CC
47,CD
48,CE
49,CF
50,CG
51,CL
52,CM
53,CO
54,CP
55,CR
56,CS
57,CW
58,CX
59,DB
60,DD
61,DK
62,DM
63,DQ
64,DS
65,DT
66,DV
67,DX
68,DY
69,EA
70,EB
71,EC
72,ED
73,EH
74,EQ
75,ES
76,ET
77,EW
78,FC
79,FE
80,FF
81,FL
82,FM
83,FN
84,FR
85,FV
86,GB
87,GE
88,GH
89,GL
90,GM
91,GO
92,GP
93,GT
94,HA
95,HE
96,HI
97,HL
98,HP
99,HR
100,HT
101,HY
102,IO
103,IP
104,IQ
105,IR
106,IS
107,JD
108,JG
109,JO
110,JP
111,KB
112,KC
113,KD
114,KE
115,KL
116,KN
117,KO
118,KR
119,KT
120,KW
121,LC
122,LD
123,LE
124,LI
125,LL
126,LU
127,LW
128,LX
129,LZ
130,MC
131,MD
132,ME
133,MG
134,MJ
135,ML
136,MN
137,MO
138,MP
139,MQ
140,MS
141,MT
142,MU
143,MX
144,NE
145,NG
146,NH
147,NI
148,NL
149,NM
150,NP
151,NR
152,NS
153,NX
154,OC
155,OI
156,OM
157,ON
158,OR
159,PB
160,PD
161,PG
162,PI
163,PK
164,PM
165,QD
166,QS
167,RC
168,RF
169,RL
170,RM
171,RS
172,RY
173,SA
174,SB
175,SC
176,SD
177,SF
178,SH
179,SM
180,SO
181,SP
182,SR
183,ST
184,SU
185,SV
186,SY
187,TA
188,TD
189,TG
190,TH
191,TK
192,TM
193,TR
194,TS
195,TT
196,TU
197,TV
198,TW
199,TX
200,UA
201,UE
202,UL
203,UP
204,VC
205,VG
206,VS
207,VT
208,VZ
209,WB
210,WD
211,WE
212,WH
213,WK
214,WM
215,WU
216,WW
217,WY
218,XL
219,XM
220,XP
221,XT
222,YQ
223,YY
224,ZD
225,ZG
226,ZH
227,ZI
228,ZY
229,AAL
230,AAN
231,AAT
232,ABB
233,ABC
234,ABG
235,ABM
236,ABR
237,ABT
238,ACA
239,ACB
240,ACC
241,ACH
242,ACI
243,ACM
244,ACR
245,ADC
246,ADI
247,ADM
248,ADN
249,ADS
250,ADT
251,ADV
252,AEE
253,AEG
254,AEL
255,AEM
256,AEO
257,AEP
258,AER
259,AES
260,AFG
261,AFI
262,AFK
263,AFL
264,AGC
265,AGG
266,AGI
267,AGL
268,AGM
269,AGO
270,AGQ
271,AGR
272,AGS
273,AGX
274,AGZ
275,AHH
276,AHT
277,AIA
278,AIG
279,AIN
280,AIQ
281,AIR
282,AIT
283,AIV
284,AIZ
285,AJG
286,AJX
287,AKR
288,ALC
289,ALE
290,ALG
291,ALK
292,ALL
293,ALT
294,ALV
295,AMC
296,AMD
297,AME
298,AMG
299,AMH
300,AMJ
301,AMN
302,AMR
303,AMX
304,ANF
305,ANY
306,AOS
307,APA
308,APG
309,APH
310,API
311,APO
312,APP
313,APR
314,APT
315,AQB
316,AQN
317,ARC
318,ARI
319,ARR
320,ARW
321,ASA
322,ASB
323,ASC
324,ASH
325,ASO
326,ASX
327,ATH
328,ATI
329,ATO
330,ATR
331,ATY
332,AUB
333,AUD
334,AUR
335,AUS
336,AUY
337,AVA
338,AVD
339,AVO
340,AVT
341,AWH
342,AWI
343,AWK
344,AWR
345,AXL
346,AXP
347,AXS
348,AXU
349,AYX
350,AZN
351,AZZ
352,BAB
353,BAC
354,BAH
355,BAL
356,BAM
357,BAP
358,BAX
359,BBC
360,BBD
361,BBH
362,BBL
363,BBP
364,BBU
365,BBW
366,BBY
367,BCC
368,BCE
369,BCI
370,BCM
371,BCO
372,BCS
373,BDC
374,BDN
375,BEN
376,BEP
377,BFI
378,BGS
379,BHC
380,BHE
381,BHF
382,BHG
383,BHP
384,BHR
385,BIB
386,BIG
387,BIL
388,BIP
389,BIS
390,BIV
391,BJK
392,BKD
393,BKE
394,BKF
395,BKH
396,BKI
397,BKR
398,BKU
399,BLI
400,BLL
401,BLU
402,BLV
403,BLX
404,BMA
405,BMI
406,BMO
407,BMY
408,BND
409,BNL
410,BNO
411,BNS
412,BOH
413,BOX
414,BPT
415,BRC
416,BRF
417,BRG
418,BRO
419,BRP
420,BRX
421,BRY
422,BSM
423,BSN
424,BSV
425,BSX
426,BSY
427,BTF
428,BTG
429,BTI
430,BTN
431,BTU
432,BTX
433,BUD
434,BUG
435,BUR
436,BVH
437,BVN
438,BVS
439,BWA
440,BWX
441,BXC
442,BXP
443,BYD
444,BZH
445,BZQ
446,CAC
447,CAE
448,CAF
449,CAG
450,CAH
451,CAJ
452,CAL
453,CAN
454,CBD
455,CBT
456,CBU
457,CBZ
458,CCF
459,CCI
460,CCJ
461,CCK
462,CCL
463,CCO
464,CCS
465,CCV
466,CDE
467,CDK
468,CDR
469,CDW
470,CEI
471,CEW
472,CFA
473,CFB
474,CFG
475,CFR
476,CFX
477,CGA
478,CGC
479,CGW
480,CHD
481,CHH
482,CHK
483,CHS
484,CHT
485,CHX
486,CIA
487,CIB
488,CIG
489,CIM
490,CIO
491,CIR
492,CIT
493,CLB
494,CLF
495,CLH
496,CLI
497,CLR
498,CLS
499,CLW
500,CLX
501,CMA
502,CMC
503,CMF
504,CMP
505,CMS
506,CNA
507,CNC
508,CND
509,CNI
510,CNK
511,CNM
512,CNO
513,CNP
514,CNQ
515,CNR
516,CNS
517,CNX
518,COF
519,COP
520,COR
521,COW
522,CPA
523,CPB
524,CPE
525,CPF
526,CPG
527,CPK
528,CPS
529,CPT
530,CQP
531,CRC
532,CRH
533,CRI
534,CRK
535,CRS
536,CRU
537,CRY
538,CSD
539,CSR
540,CSV
541,CSX
542,CTG
543,CTS
544,CTT
545,CUE
546,CUK
547,CUT
548,CUZ
549,CVA
550,CVE
551,CVI
552,CVM
553,CVS
554,CVX
555,CVY
556,CWB
557,CWH
558,CWI
559,CWK
560,CWT
561,CXM
562,CXP
563,CXW
564,CYB
565,CYD
566,CYH
567,CZR
568,DAC
569,DAL
570,DAN
571,DAO
572,DAR
573,DAX
574,DBA
575,DBB
576,DBC
577,DBD
578,DBE
579,DBI
580,DBO
581,DBP
582,DBS
583,DBV
584,DBX
585,DCI
586,DCO
587,DCP
588,DCT
589,DDD
590,DDG
591,DDM
592,DEA
593,DEF
594,DEI
595,DEM
596,DEN
597,DES
598,DFE
599,DFH
600,DFJ
601,DFS
602,DGL
603,DGS
604,DGX
605,DHC
606,DHI
607,DHS
608,DHT
609,DHX
610,DIG
611,DIN
612,DIS
613,DIV
614,DJD
615,DJP
616,DKL
617,DKS
618,DLB
619,DLN
620,DLO
621,DLR
622,DLS
623,DLX
624,DNA
625,DNB
626,DNL
627,DNN
628,DOC
629,DOG
630,DON
631,DOV
632,DOW
633,DOX
634,DPW
635,DRD
636,DRE
637,DRH
638,DRI
639,DRN
640,DRQ
641,DRV
642,DRW
643,DSI
644,DSL
645,DSP
646,DSX
647,DTE
648,DTM
649,DTN
650,DUG
651,DUK
652,DVA
653,DVN
654,DVY
655,DWM
656,DWX
657,DXC
658,DXD
659,DXJ
660,DYN
661,EAF
662,EAR
663,EAT
664,EBC
665,EBF
666,EBS
667,ECH
668,EDC
669,EDR
670,EDU
671,EDV
672,EDZ
673,EEM
674,EES
675,EET
676,EEV
677,EEX
678,EFA
679,EFC
680,EFG
681,EFV
682,EFZ
683,EGO
684,EGP
685,EGY
686,EHC
687,EIG
688,EIX
689,ELA
690,ELD
691,ELF
692,ELP
693,ELS
694,ELY
695,EMB
696,EME
697,EMN
698,EMR
699,EMX
700,ENB
701,ENG
702,ENR
703,ENS
704,ENV
705,ENZ
706,EOG
707,EPC
708,EPD
709,EPI
710,EPM
711,EPP
712,EPR
713,EPS
714,EPV
715,EQC
716,EQH
717,EQR
718,EQT
719,EQX
720,ERF
721,ERJ
722,ERX
723,ERY
724,ESE
725,ESI
726,ETD
727,ETN
728,ETR
729,EUM
730,EUO
731,EVA
732,EVC
733,EVH
734,EVR
735,EVX
736,EWA
737,EWC
738,EWD
739,EWG
740,EWH
741,EWI
742,EWJ
743,EWK
744,EWL
745,EWM
746,EWN
747,EWP
748,EWQ
749,EWS
750,EWT
751,EWU
752,EWV
753,EWW
754,EWX
755,EWY
756,EWZ
757,EXC
758,EXI
759,EXK
760,EXP
761,EXR
762,EYE
763,EZA
764,EZJ
765,EZM
766,EZU
767,FAB
768,FAF
769,FAN
770,FAS
771,FAZ
772,FBC
773,FBK
774,FBP
775,FBT
776,FBZ
777,FCA
778,FCF
779,FCG
780,FCN
781,FCX
782,FDD
783,FDL
784,FDP
785,FEM
786,FEP
787,FEX
788,FEZ
789,FGD
790,FHB
791,FHI
792,FHN
793,FIS
794,FIW
795,FIX
796,FLL
797,FLO
798,FLR
799,FLS
800,FMC
801,FMS
802,FMX
803,FNB
804,FND
805,FNF
806,FNK
807,FNV
808,FNX
809,FNY
810,FOA
811,FOE
812,FOR
813,FOX
814,FPE
815,FPH
816,FPI
817,FPX
818,FRG
819,FRI
820,FRO
821,FRT
822,FSK
823,FSM
824,FSP
825,FSR
826,FSS
827,FST
828,FSV
829,FTA
830,FTC
831,FTI
832,FTK
833,FTS
834,FTV
835,FUL
836,FUN
837,FUV
838,FVD
839,FVE
840,FXA
841,FXB
842,FXC
843,FXD
844,FXE
845,FXF
846,FXG
847,FXH
848,FXI
849,FXL
850,FXN
851,FXO
852,FXP
853,FXR
854,FXU
855,FXY
856,FXZ
857,FYC
858,FYT
859,FYX
860,GAN
861,GAU
862,GAZ
863,GBT
864,GBX
865,GCC
866,GCI
867,GCO
868,GCP
869,GDP
870,GDS
871,GDX
872,GEF
873,GEL
874,GEM
875,GEO
876,GES
877,GFF
878,GFI
879,GFL
880,GGB
881,GGG
882,GHL
883,GHM
884,GIB
885,GIC
886,GIG
887,GII
888,GIL
889,GIS
890,GLD
891,GLL
892,GLP
893,GLT
894,GLW
895,GMF
896,GMS
897,GNE
898,GNK
899,GNL
900,GNR
901,GNW
902,GOL
903,GPC
904,GPI
905,GPK
906,GPN
907,GPP
908,GPS
909,GRC
910,GRN
911,GSG
912,GSK
913,GSL
914,GSM
915,GSP
916,GSS
917,GSY
918,GTE
919,GTN
920,GTS
921,GTX
922,GTY
923,GVA
924,GVI
925,GWB
926,GWH
927,GWX
928,GXC
929,GXG
930,GXO
931,HAE
932,HAL
933,HAP
934,HAS
935,HBB
936,HBI
937,HBM
938,HBP
939,HCC
940,HCI
941,HCM
942,HDB
943,HDV
944,HEI
945,HEP
946,HES
947,HFC
948,HGV
949,HHC
950,HIG
951,HII
952,HIL
953,HIW
954,HLF
955,HLI
956,HLT
957,HLX
958,HMC
959,HMN
960,HMY
961,HNI
962,HNP
963,HOG
964,HPE
965,HPP
966,HPQ
967,HQY
968,HRB
969,HRC
970,HRI
971,HRL
972,HSC
973,HST
974,HSY
975,HTA
976,HTH
977,HUN
978,HUT
979,HVT
980,HWC
981,HWM
982,HXL
983,HYD
984,HYG
985,HYS
986,HZN
987,HZO
988,IAA
989,IAC
990,IAG
991,IAI
992,IAK
993,IAT
994,IAU
995,IBB
996,IBM
997,IBN
998,IBP
999,ICE
1000,ICF
1001,ICL
1002,IDA
1003,IDN
1004,IDT
1005,IDU
1006,IDV
1007,IEA
1008,IEF
1009,IEI
1010,IEO
1011,IEP
1012,IEV
1013,IEZ
1014,IFF
1015,IFN
1016,IFV
1017,IGC
1018,IGE
1019,IGF
1020,IGN
1021,IGT
1022,IHE
1023,IHI
1024,IHY
1025,III
1026,IIN
1027,IJJ
1028,IJK
1029,IJR
1030,IJS
1031,IJT
1032,ILF
1033,IMH
1034,IMO
1035,IMV
1036,ING
1037,INN
1038,INO
1039,INT
1040,IOO
1041,IPA
1042,IPG
1043,IPI
1044,IPO
1045,IRM
1046,IRT
1047,ITA
1048,ITB
1049,ITI
1050,ITM
1051,ITT
1052,IVC
1053,IVE
1054,IVR
1055,IVT
1056,IVW
1057,IVZ
1058,IWC
1059,IWD
1060,IWL
1061,IWN
1062,IWP
1063,IWR
1064,IWS
1065,IWX
1066,IWY
1067,IXC
1068,IXG
1069,IXJ
1070,IXN
1071,IXP
1072,IYC
1073,IYE
1074,IYF
1075,IYJ
1076,IYK
1077,IYM
1078,IYR
1079,IYW
1080,IYY
1081,IYZ
1082,JBI
1083,JBL
1084,JBT
1085,JCI
1086,JEF
1087,JHG
1088,JJA
1089,JJC
1090,JJE
1091,JJG
1092,JJM
1093,JJN
1094,JJP
1095,JJS
1096,JJT
1097,JJU
1098,JKS
1099,JNJ
1100,JNK
1101,JOE
1102,JPM
1103,JWN
1104,JXN
1105,KAR
1106,KBA
1107,KBE
1108,KBH
1109,KBR
1110,KCE
1111,KDP
1112,KEP
1113,KEX
1114,KEY
1115,KFS
1116,KFY
1117,KGC
1118,KHC
1119,KIE
1120,KIM
1121,KKR
1122,KLR
1123,KMB
1124,KMI
1125,KMT
1126,KMX
1127,KNX
1128,KOD
1129,KOF
1130,KOP
1131,KOS
1132,KRA
1133,KRC
1134,KRE
1135,KRG
1136,KRO
1137,KRP
1138,KSA
1139,KSS
1140,KTB
1141,KXI
1142,KYN
1143,KZR
1144,LAC
1145,LAW
1146,LAZ
1147,LBJ
1148,LCI
1149,LDI
1150,LEA
1151,LEG
1152,LEN
1153,LEU
1154,LEV
1155,LFC
1156,LFG
1157,LFT
1158,LGO
1159,LIT
1160,LKQ
1161,LMB
1162,LNC
1163,LNG
1164,LNN
1165,LNT
1166,LOB
1167,LOV
1168,LPG
1169,LPI
1170,LPL
1171,LPX
1172,LQD
1173,LRN
1174,LSI
1175,LTC
1176,LUB
1177,LUV
1178,LVO
1179,LVS
1180,LXP
1181,LXU
1182,LYB
1183,LYG
1184,LYV
1185,LZB
1186,MAC
1187,MAG
1188,MAN
1189,MAR
1190,MAS
1191,MAT
1192,MAX
1193,MBB
1194,MBI
1195,MBT
1196,MCB
1197,MCF
1198,MCG
1199,MCS
1200,MCW
1201,MCY
1202,MDC
1203,MDP
1204,MDT
1205,MDU
1206,MEG
1207,MEI
1208,MET
1209,MFA
1210,MFC
1211,MFG
1212,MFH
1213,MGA
1214,MGC
1215,MGI
1216,MGM
1217,MGP
1218,MGV
1219,MGY
1220,MHK
1221,MHO
1222,MIC
1223,MIR
1224,MKC
1225,MLI
1226,MLR
1227,MMC
1228,MMI
1229,MMM
1230,MMP
1231,MMS
1232,MMX
1233,MNR
1234,MOD
1235,MOO
1236,MOS
1237,MOV
1238,MPC
1239,MPW
1240,MPX
1241,MRC
1242,MRK
1243,MRO
1244,MSA
1245,MSB
1246,MSM
1247,MSP
1248,MTA
1249,MTB
1250,MTG
1251,MTH
1252,MTL
1253,MTW
1254,MTX
1255,MTZ
1256,MUB
1257,MUR
1258,MUX
1259,MVO
1260,MVP
1261,MWA
1262,MXI
1263,MXL
1264,MYE
1265,MYY
1266,MZZ
1267,NAT
1268,NCR
1269,NEE
1270,NEM
1271,NEO
1272,NEP
1273,NET
1274,NEW
1275,NEX
1276,NFE
1277,NFG
1278,NGD
1279,NGG
1280,NGL
1281,NGM
1282,NGS
1283,NHC
1284,NHI
1285,NIB
1286,NIO
1287,NIU
1288,NJR
1289,NKE
1290,NLR
1291,NLS
1292,NLY
1293,NMG
1294,NMM
1295,NMR
1296,NNI
1297,NNN
1298,NOA
1299,NOG
1300,NOK
1301,NOV
1302,NPO
1303,NRG
1304,NRP
1305,NRT
1306,NRZ
1307,NSA
1308,NSP
1309,NTB
1310,NTP
1311,NTR
1312,NUE
1313,NUS
1314,NVO
1315,NVS
1316,NVT
1317,NWE
1318,NWG
1319,NWL
1320,NWN
1321,NWS
1322,NXE
1323,NYC
1324,NYT
1325,OAS
1326,OCG
1327,OCN
1328,OCX
1329,ODP
1330,ODT
1331,OEC
1332,OEG
1333,OFC
1334,OFG
1335,OFS
1336,OGE
1337,OGI
1338,OGN
1339,OGS
1340,OHI
1341,OII
1342,OIL
1343,OIS
1344,OKE
1345,OLK
1346,OLN
1347,OLO
1348,OLP
1349,OMC
1350,OMF
1351,OMI
1352,OMP
1353,ONB
1354,OPI
1355,OPK
1356,OPY
1357,ORA
1358,ORC
1359,ORI
1360,ORN
1361,OSG
1362,OSH
1363,OSK
1364,OSS
1365,OSW
1366,OUT
1367,OVT
1368,OVV
1369,OWL
1370,OXM
1371,OXY
1372,OZK
1373,PAA
1374,PAE
1375,PAG
1376,PAM
1377,PAR
1378,PAX
1379,PBA
1380,PBD
1381,PBE
1382,PBF
1383,PBH
1384,PBI
1385,PBJ
1386,PBP
1387,PBR
1388,PBS
1389,PBT
1390,PBW
1391,PCG
1392,PCH
1393,PCT
1394,PCY
1395,PDD
1396,PDM
1397,PDN
1398,PDP
1399,PDS
1400,PEB
1401,PEG
1402,PEI
1403,PEJ
1404,PEO
1405,PEP
1406,PEY
1407,PEZ
1408,PFC
1409,PFE
1410,PFF
1411,PFG
1412,PFI
1413,PFM
1414,PFS
1415,PGC
1416,PGF
1417,PGJ
1418,PGM
1419,PGR
1420,PGX
1421,PHB
1422,PHG
1423,PHM
1424,PHO
1425,PHR
1426,PHX
1427,PID
1428,PIE
1429,PII
1430,PIN
1431,PIO
1432,PIZ
1433,PJP
1434,PJT
1435,PKB
1436,PKE
1437,PKG
1438,PKI
1439,PKW
1440,PKX
1441,PLD
1442,PLG
1443,PLL
1444,PLX
1445,PMT
1446,PNM
1447,PNR
1448,PNW
1449,POR
1450,PPA
1451,PPC
1452,PPD
1453,PPG
1454,PPH
1455,PPL
1456,PRA
1457,PRF
1458,PRG
1459,PRI
1460,PRK
1461,PRN
1462,PRO
1463,PRU
1464,PSB
1465,PSI
1466,PSJ
1467,PSL
1468,PSN
1469,PSO
1470,PSP
1471,PSQ
1472,PST
1473,PSX
1474,PTC
1475,PTE
1476,PTF
1477,PTH
1478,PTR
1479,PUI
1480,PUK
1481,PVG
1482,PVH
1483,PVL
1484,PWB
1485,PWP
1486,PWR
1487,PWV
1488,PXD
1489,PXE
1490,PXF
1491,PXH
1492,PXI
1493,PXJ
1494,PYR
1495,PYZ
1496,PZA
1497,PZN
1498,QDF
1499,QID
1500,QLD
1501,QQH
1502,QSI
1503,QSR
1504,QTT
1505,QUS
1506,RAD
1507,RBA
1508,RCD
1509,RCI
1510,RCL
1511,RCM
1512,RDI
1513,RDN
1514,RDW
1515,RDY
1516,REE
1517,REG
1518,REI
1519,REK
1520,REM
1521,RES
1522,REV
1523,REW
1524,REZ
1525,RFL
1526,RFP
1527,RFV
1528,RGA
1529,RGI
1530,RGP
1531,RGR
1532,RGS
1533,RHI
1534,RHP
1535,RIG
1536,RIO
1537,RJA
1538,RJF
1539,RJI
1540,RJN
1541,RJZ
1542,RKT
1543,RLI
1544,RLJ
1545,RLX
1546,RMO
1547,RNA
1548,RNR
1549,RNW
1550,ROL
1551,ROM
1552,RPD
1553,RPM
1554,RPT
1555,RPV
1556,RRC
1557,RRD
1558,RRR
1559,RRX
1560,RSG
1561,RSI
1562,RSP
1563,RSX
1564,RTH
1565,RTM
1566,RTX
1567,RUN
1568,RVP
1569,RWJ
1570,RWK
1571,RWL
1572,RWM
1573,RWO
1574,RWR
1575,RWT
1576,RWX
1577,RXL
1578,RXT
1579,RYB
1580,RYE
1581,RYF
1582,RYI
1583,RYN
1584,RYU
1585,RZV
1586,SAA
1587,SAH
1588,SAN
1589,SAP
1590,SBH
1591,SBM
1592,SBS
1593,SCI
1594,SCJ
1595,SCL
1596,SCM
1597,SCO
1598,SCS
1599,SCU
1600,SCZ
1601,SDC
1602,SDS
1603,SDY
1604,SEE
1605,SEF
1606,SEM
1607,SFE
1608,SFL
1609,SFM
1610,SFT
1611,SFY
1612,SGC
1613,SGG
1614,SGH
1615,SGU
1616,SHC
1617,SHE
1618,SHO
1619,SHV
1620,SHY
1621,SID
1622,SIG
1623,SII
1624,SIL
1625,SIX
1626,SJB
1627,SJI
1628,SJM
1629,SJR
1630,SJT
1631,SJW
1632,SKF
1633,SKM
1634,SKT
1635,SKX
1636,SKY
1637,SLB
1638,SLF
1639,SLG
1640,SLI
1641,SLM
1642,SLP
1643,SLS
1644,SLV
1645,SLX
1646,SLY
1647,SMG
1648,SMN
1649,SMP
1650,SND
1651,SNN
1652,SNP
1653,SNT
1654,SNV
1655,SNX
1656,SNY
1657,SOI
1658,SOL
1659,SON
1660,SOS
1661,SPB
1662,SPG
1663,SPH
1664,SPI
1665,SPR
1666,SPT
1667,SQM
1668,SQZ
1669,SRC
1670,SRE
1671,SRG
1672,SRI
1673,SRS
1674,SRT
1675,SSB
1676,SSD
1677,SSL
1678,SSO
1679,SSP
1680,STC
1681,STL
1682,STM
1683,STN
1684,STT
1685,STX
1686,SUI
1687,SUM
1688,SUN
1689,SUP
1690,SVC
1691,SVM
1692,SWI
1693,SWK
1694,SWM
1695,SWN
1696,SWX
1697,SXC
1698,SXI
1699,SXT
1700,SYF
1701,SYY
1702,TAC
1703,TAK
1704,TAL
1705,TAN
1706,TAP
1707,TBF
1708,TBI
1709,TBK
1710,TBT
1711,TCN
1712,TCS
1713,TCX
1714,TDC
1715,TDS
1716,TDW
1717,TEF
1718,TEL
1719,TEN
1720,TEO
1721,TER
1722,TEX
1723,TFC
1724,TFI
1725,TGB
1726,TGH
1727,TGI
1728,TGP
1729,TGS
1730,THC
1731,THD
1732,THG
1733,THO
1734,THR
1735,THS
1736,TIG
1737,TIP
1738,TJX
1739,TKC
1740,TKR
1741,TLH
1742,TLS
1743,TLT
1744,TMC
1745,TME
1746,TMF
1747,TMP
1748,TMQ
1749,TMV
1750,TMX
1751,TNA
1752,TNC
1753,TNK
1754,TNL
1755,TNP
1756,TOL
1757,TPB
1758,TPC
1759,TPH
1760,TPR
1761,TPX
1762,TRC
1763,TRI
1764,TRN
1765,TRP
1766,TRQ
1767,TRS
1768,TRU
1769,TRV
1770,TSE
1771,TSM
1772,TSN
1773,TSP
1774,TSQ
1775,TTC
1776,TTD
1777,TTE
1778,TTI
1779,TTM
1780,TTT
1781,TUP
1782,TUR
1783,TWI
1784,TWM
1785,TWO
1786,TXG
1787,TXN
1788,TXT
1789,TYD
1790,TYO
1791,TZA
1792,UAA
1793,UAL
1794,UAN
1795,UBA
1796,UBR
1797,UBS
1798,UBT
1799,UBX
1800,UCO
1801,UDN
1802,UDR
1803,UEC
1804,UFI
1805,UFO
1806,UFS
1807,UGA
1808,UGI
1809,UGL
1810,UGP
1811,UHS
1812,UHT
1813,UIS
1814,ULE
1815,UMC
1816,UMH
1817,UNG
1818,UNL
1819,UNM
1820,UPH
1821,URA
1822,URE
1823,USB
1824,USD
1825,USL
1826,USM
1827,USO
1828,UST
1829,USX
1830,UTI
1831,UTL
1832,UTZ
1833,UUP
1834,UVE
1835,UVV
1836,UWM
1837,UXI
1838,UYG
1839,UYM
1840,VAC
1841,VAL
1842,VAW
1843,VBR
1844,VDC
1845,VDE
1846,VEA
1847,VEC
1848,VEL
1849,VET
1850,VEU
1851,VEV
1852,VFC
1853,VFF
1854,VFH
1855,VGK
1856,VGR
1857,VGZ
1858,VHC
1859,VIA
1860,VIG
1861,VIR
1862,VIV
1863,VLD
1864,VLO
1865,VLU
1866,VLY
1867,VMC
1868,VMD
1869,VMW
1870,VNE
1871,VNO
1872,VNQ
1873,VNT
1874,VOC
1875,VOD
1876,VOE
1877,VOX
1878,VPG
1879,VPL
1880,VPN
1881,VPU
1882,VQS
1883,VRA
1884,VRM
1885,VRP
1886,VRS
1887,VRT
1888,VSH
1889,VSS
1890,VST
1891,VTC
1892,VTR
1893,VTV
1894,VVI
1895,VVV
1896,VWE
1897,VWO
1898,VXF
1899,VXX
1900,VXZ
1901,VYM
1902,WAB
1903,WAL
1904,WBA
1905,WBS
1906,WBT
1907,WBX
1908,WCC
1909,WCN
1910,WDC
1911,WEC
1912,WEN
1913,WES
1914,WEX
1915,WFC
1916,WFG
1917,WFH
1918,WGO
1919,WHD
1920,WHG
1921,WIT
1922,WIX
1923,WLK
1924,WLL
1925,WMB
1926,WMC
1927,WMG
1928,WMK
1929,WMS
1930,WMT
1931,WNC
1932,WNS
1933,WOR
1934,WOW
1935,WPC
1936,WPM
1937,WPP
1938,WPS
1939,WRB
1940,WRE
1941,WRK
1942,WSC
1943,WSR
1944,WTI
1945,WTT
1946,WVE
1947,WWD
1948,WWE
1949,WWR
1950,WWW
1951,WYY
1952,XAR
1953,XBI
1954,XEL
1955,XES
1956,XGN
1957,XHB
1958,XHE
1959,XHR
1960,XHS
1961,XIN
1962,XLB
1963,XLC
1964,XLE
1965,XLF
1966,XLI
1967,XLK
1968,XLP
1969,XLU
1970,XLV
1971,XME
1972,XOM
1973,XOP
1974,XOS
1975,XPH
1976,XPO
1977,XPP
1978,XRT
1979,XRX
1980,XSW
1981,XTL
1982,XTN
1983,XYL
1984,YCL
1985,YCS
1986,YMM
1987,YOU
1988,YPF
1989,YPS
1990,YRD
1991,YSG
1992,YUM
1993,YVR
1994,YXI
1995,YYY
1996,ZBH
1997,ZEN
1998,ZEV
1999,ZIM
2000,ZIP
2001,ZNH
2002,ZSL
2003,ZTO
2004,ZUO
2005,ZVO
2006,ZWS
2007,AAIC
2008,AAOI
2009,AAON
2010,AAPL
2011,AAWW
2012,AAXJ
2013,ABBV
2014,ABCB
2015,ABCL
2016,ABEO
2017,ABEV
2018,ABIO
2019,ABST
2020,ABTX
2021,ABUS
2022,ACAD
2023,ACCD
2024,ACCO
2025,ACEL
2026,ACER
2027,ACES
2028,ACET
2029,ACEV
2030,ACGL
2031,ACHC
2032,ACHR
2033,ACHV
2034,ACIU
2035,ACIW
2036,ACLS
2037,ACMR
2038,ACOR
2039,ACRE
2040,ACRS
2041,ACRX
2042,ACTG
2043,ACVA
2044,ACWI
2045,ACWV
2046,ACWX
2047,ADAP
2048,ADCT
2049,ADES
2050,ADIL
2051,ADMA
2052,ADMP
2053,ADMS
2054,ADNT
2055,ADPT
2056,ADTN
2057,ADTX
2058,ADUS
2059,ADVM
2060,AEHR
2061,AEIS
2062,AEMD
2063,AERI
2064,AEVA
2065,AEYE
2066,AEZS
2067,AFIB
2068,AFIN
2069,AFMD
2070,AFRM
2071,AFTY
2072,AFYA
2073,AGCB
2074,AGCO
2075,AGEN
2076,AGFS
2077,AGFY
2078,AGIO
2079,AGLE
2080,AGNC
2081,AGRO
2082,AGRX
2083,AGTC
2084,AGYS
2085,AHCO
2086,AIEQ
2087,AIIQ
2088,AIMC
2089,AINV
2090,AIRC
2091,AIRG
2092,AIRR
2093,AJRD
2094,AKAM
2095,AKBA
2096,AKRO
2097,AKTS
2098,AKUS
2099,ALBO
2100,ALDX
2101,ALEC
2102,ALEX
2103,ALFA
2104,ALGM
2105,ALGS
2106,ALGT
2107,ALHC
2108,ALIT
2109,ALKS
2110,ALLE
2111,ALLK
2112,ALLO
2113,ALLT
2114,ALLY
2115,ALNY
2116,ALPN
2117,ALRM
2118,ALSN
2119,ALTG
2120,ALTO
2121,ALTR
2122,ALTU
2123,ALTY
2124,ALVR
2125,ALXO
2126,ALZN
2127,AMAT
2128,AMBA
2129,AMBC
2130,AMBP
2131,AMCR
2132,AMCX
2133,AMED
2134,AMEH
2135,AMKR
2136,AMLP
2137,AMNB
2138,AMOT
2139,AMPE
2140,AMPH
2141,AMPY
2142,AMRC
2143,AMRN
2144,AMRS
2145,AMRX
2146,AMSC
2147,AMSF
2148,AMTI
2149,AMTX
2150,AMWD
2151,AMWL
2152,AMYT
2153,AMZA
2154,ANAB
2155,ANAT
2156,ANDE
2157,ANGI
2158,ANGL
2159,ANGO
2160,ANIK
2161,ANIP
2162,ANIX
2163,ANNX
2164,ANPC
2165,ANTE
2166,AOSL
2167,AOUT
2168,APAM
2169,APDN
2170,APEI
2171,APEN
2172,APLE
2173,APLS
2174,APLT
2175,APOG
2176,APPF
2177,APPH
2178,APPN
2179,APPS
2180,APRE
2181,APRN
2182,APSG
2183,APTO
2184,APTS
2185,APTV
2186,APTX
2187,APYX
2188,AQMS
2189,AQST
2190,AQUA
2191,AQWA
2192,ARAV
2193,ARAY
2194,ARCB
2195,ARCC
2196,ARCE
2197,ARCH
2198,ARCO
2199,ARCT
2200,ARDX
2201,AREC
2202,ARES
2203,ARGT
2204,ARKF
2205,ARKG
2206,ARKK
2207,ARKO
2208,ARKQ
2209,ARKW
2210,ARKX
2211,ARLO
2212,ARLP
2213,ARMK
2214,ARNA
2215,ARNC
2216,AROC
2217,AROW
2218,ARQQ
2219,ARQT
2220,ARRY
2221,ARVL
2222,ARVN
2223,ARWR
2224,ASAI
2225,ASAN
2226,ASEA
2227,ASGN
2228,ASHR
2229,ASHS
2230,ASIX
2231,ASLE
2232,ASLN
2233,ASMB
2234,ASND
2235,ASPN
2236,ASPS
2237,ASPU
2238,ASPY
2239,ASRT
2240,ASRV
2241,ASTE
2242,ASTR
2243,ASTS
2244,ASUR
2245,ASXC
2246,ASYS
2247,ATAI
2248,ATAX
2249,ATCO
2250,ATCX
2251,ATEC
2252,ATEN
2253,ATER
2254,ATEX
2255,ATGE
2256,ATHA
2257,ATHM
2258,ATHX
2259,ATIP
2260,ATKR
2261,ATLC
2262,ATMP
2263,ATMR
2264,ATNF
2265,ATNI
2266,ATNM
2267,ATNX
2268,ATOM
2269,ATOS
2270,ATRA
2271,ATRC
2272,ATRO
2273,ATRS
2274,ATSG
2275,ATUS
2276,ATVI
2277,ATXS
2278,AUDC
2279,AUPH
2280,AUTL
2281,AUTO
2282,AVAH
2283,AVAV
2284,AVCT
2285,AVDL
2286,AVDV
2287,AVEO
2288,AVID
2289,AVIR
2290,AVLR
2291,AVNS
2292,AVNT
2293,AVNW
2294,AVPT
2295,AVRO
2296,AVTR
2297,AVTX
2298,AVUS
2299,AVUV
2300,AVXL
2301,AVYA
2302,AWAY
2303,AWRE
2304,AWYX
2305,AXAS
2306,AXDX
2307,AXGN
2308,AXLA
2309,AXNX
2310,AXON
2311,AXSM
2312,AXTA
2313,AXTI
2314,AYRO
2315,AYTU
2316,AZEK
2317,AZPN
2318,AZRE
2319,AZUL
2320,BABA
2321,BALY
2322,BANC
2323,BAND
2324,BANF
2325,BANR
2326,BARK
2327,BATT
2328,BBAR
2329,BBAX
2330,BBBY
2331,BBCA
2332,BBCP
2333,BBDC
2334,BBEU
2335,BBIG
2336,BBIN
2337,BBIO
2338,BBJP
2339,BBSI
2340,BBVA
2341,BBWI
2342,BCAB
2343,BCBP
2344,BCDA
2345,BCEL
2346,BCLI
2347,BCOR
2348,BCOV
2349,BCPC
2350,BCRX
2351,BCSF
2352,BCTX
2353,BCYC
2354,BDRY
2355,BDSI
2356,BDSX
2357,BDTX
2358,BEAM
2359,BECN
2360,BEEM
2361,BEKE
2362,BENE
2363,BEPC
2364,BERY
2365,BEST
2366,BETZ
2367,BFAM
2368,BFIN
2369,BFIT
2370,BFLY
2371,BFOR
2372,BFTR
2373,BGCP
2374,BGFV
2375,BGRY
2376,BGSF
2377,BHIL
2378,BHLB
2379,BHVN
2380,BIDU
2381,BIGC
2382,BILI
2383,BIOC
2384,BIOX
2385,BIPC
2386,BIRD
2387,BITF
2388,BITO
2389,BITQ
2390,BIZD
2391,BJRI
2392,BKCC
2393,BKCH
2394,BKEP
2395,BKKT
2396,BKLN
2397,BKSY
2398,BKYI
2399,BLBD
2400,BLCN
2401,BLDE
2402,BLDP
2403,BLDR
2404,BLFS
2405,BLKB
2406,BLMN
2407,BLND
2408,BLNK
2409,BLOK
2410,BLRX
2411,BLUE
2412,BMBL
2413,BMED
2414,BMRA
2415,BMRN
2416,BMTC
2417,BMTX
2418,BNDX
2419,BNED
2420,BNFT
2421,BNGO
2422,BNTC
2423,BOAT
2424,BODY
2425,BOIL
2426,BOKF
2427,BOND
2428,BOOM
2429,BOOT
2430,BOTZ
2431,BPMC
2432,BPMP
2433,BPOP
2434,BRAG
2435,BRBR
2436,BREZ
2437,BRFS
2438,BRKL
2439,BRKR
2440,BRKS
2441,BRMK
2442,BROS
2443,BRSP
2444,BRZU
2445,BSAC
2446,BSBR
2447,BSCL
2448,BSET
2449,BSGM
2450,BSIG
2451,BSMX
2452,BSQR
2453,BSRR
2454,BTAI
2455,BTAQ
2456,BTBT
2457,BTCM
2458,BTCY
2459,BTEK
2460,BTNB
2461,BTRS
2462,BTTR
2463,BTWN
2464,BUSE
2465,BUYZ
2466,BUZZ
2467,BWAC
2468,BWEN
2469,BWXT
2470,BXMT
2471,BXRX
2472,BYFC
2473,BYND
2474,BYRN
2475,BYSI
2476,BZUN
2477,CAAP
2478,CAAS
2479,CABA
2480,CADE
2481,CAKE
2482,CALA
2483,CALF
2484,CALM
2485,CALX
2486,CAMP
2487,CAMT
2488,CANE
2489,CANO
2490,CAPE
2491,CAPL
2492,CAPR
2493,CARA
2494,CARE
2495,CARG
2496,CARR
2497,CARS
2498,CARZ
2499,CASA
2500,CASH
2501,CASS
2502,CATH
2503,CATO
2504,CATY
2505,CBAT
2506,CBAY
2507,CBIO
2508,CBOE
2509,CBRE
2510,CBRL
2511,CBSH
2512,CCAC
2513,CCCC
2514,CCCS
2515,CCEP
2516,CCLP
2517,CCMP
2518,CCNE
2519,CCOI
2520,CCRN
2521,CCSI
2522,CCXI
2523,CDAK
2524,CDAY
2525,CDEV
2526,CDLX
2527,CDMO
2528,CDNA
2529,CDNS
2530,CDTX
2531,CDXC
2532,CDXS
2533,CDZI
2534,CECE
2535,CEIX
2536,CELC
2537,CELH
2538,CELU
2539,CEMB
2540,CEMI
2541,CENT
2542,CENX
2543,CEQP
2544,CERE
2545,CERN
2546,CERS
2547,CERT
2548,CEVA
2549,CFFN
2550,CFLT
2551,CFRX
2552,CGAU
2553,CGBD
2554,CGEM
2555,CGEN
2556,CGNT
2557,CGNX
2558,CGRN
2559,CHAD
2560,CHAU
2561,CHCO
2562,CHEF
2563,CHGG
2564,CHIC
2565,CHIK
2566,CHIQ
2567,CHIX
2568,CHKP
2569,CHMI
2570,CHNG
2571,CHPT
2572,CHRA
2573,CHRS
2574,CHRW
2575,CHUY
2576,CHWY
2577,CIBR
2578,CIEN
2579,CIFR
2580,CIGI
2581,CINF
2582,CIVB
2583,CIVI
2584,CIXX
2585,CKPT
2586,CLAR
2587,CLBK
2588,CLBS
2589,CLBT
2590,CLDL
2591,CLDS
2592,CLDT
2593,CLDX
2594,CLFD
2595,CLGN
2596,CLIR
2597,CLLS
2598,CLMT
2599,CLNE
2600,CLNN
2601,CLOU
2602,CLOV
2603,CLPR
2604,CLPS
2605,CLPT
2606,CLSD
2607,CLSK
2608,CLSN
2609,CLVR
2610,CLVS
2611,CLVT
2612,CLXT
2613,CMBS
2614,CMCL
2615,CMCM
2616,CMCO
2617,CMCT
2618,CMLT
2619,CMPR
2620,CMPS
2621,CMRE
2622,CMRX
2623,CMTL
2624,CNBS
2625,CNCE
2626,CNDT
2627,CNET
2628,CNHI
2629,CNMD
2630,CNNE
2631,CNOB
2632,CNRG
2633,CNSL
2634,CNTB
2635,CNTY
2636,CNXC
2637,CNXN
2638,CNXT
2639,CNYA
2640,CODI
2641,CODX
2642,COGT
2643,COHU
2644,COLB
2645,COLD
2646,COLL
2647,COLM
2648,COMM
2649,COMP
2650,COMS
2651,COMT
2652,CONE
2653,CONN
2654,CONX
2655,COOK
2656,COOP
2657,COPX
2658,CORN
2659,CORR
2660,CORT
2661,COTY
2662,COUR
2663,COWN
2664,COWZ
2665,CPER
2666,CPLG
2667,CPLP
2668,CPNG
2669,CPRI
2670,CPRT
2671,CPRX
2672,CPSH
2673,CPSI
2674,CPSS
2675,CPUH
2676,CQQQ
2677,CRAI
2678,CRAK
2679,CRBN
2680,CRBP
2681,CRBU
2682,CRCT
2683,CRDF
2684,CRDL
2685,CRHC
2686,CRIS
2687,CRMD
2688,CRMT
2689,CRNC
2690,CRNT
2691,CRNX
2692,CROC
2693,CRON
2694,CROX
2695,CRSP
2696,CRSR
2697,CRTD
2698,CRTO
2699,CRTX
2700,CRUS
2701,CRUZ
2702,CRVL
2703,CRVS
2704,CRWS
2705,CSBR
2706,CSCO
2707,CSGP
2708,CSGS
2709,CSII
2710,CSIQ
2711,CSLT
2712,CSPR
2713,CSSE
2714,CSTE
2715,CSTL
2716,CSTM
2717,CSTR
2718,CSWC
2719,CTBI
2720,CTEC
2721,CTIC
2722,CTLP
2723,CTLT
2724,CTMX
2725,CTOS
2726,CTRA
2727,CTRE
2728,CTRM
2729,CTRN
2730,CTSH
2731,CTSO
2732,CTVA
2733,CTXR
2734,CTXS
2735,CUBE
2736,CUBI
2737,CULP
2738,CURE
2739,CURI
2740,CURO
2741,CURV
2742,CUTR
2743,CVAC
2744,CVBF
2745,CVCY
2746,CVEO
2747,CVET
2748,CVGI
2749,CVGW
2750,CVLG
2751,CVLT
2752,CWCO
2753,CWEB
2754,CWEN
2755,CWST
2756,CXDO
2757,CXSE
2758,CYBE
2759,CYBR
2760,CYCC
2761,CYCN
2762,CYRX
2763,CYTK
2764,CYTO
2765,CYXT
2766,CZNC
2767,CZOO
2768,DADA
2769,DAIO
2770,DAKT
2771,DAPP
2772,DASH
2773,DAVA
2774,DBEF
2775,DBEU
2776,DBJP
2777,DBRG
2778,DBTX
2779,DBVT
2780,DCBO
2781,DCOM
2782,DCPH
2783,DCRC
2784,DDOG
2785,DEEP
2786,DELL
2787,DENN
2788,DESP
2789,DFAC
2790,DFAI
2791,DFAS
2792,DFAT
2793,DFAU
2794,DFEN
2795,DFIN
2796,DFUS
2797,DGII
2798,DGLY
2799,DGNS
2800,DGRO
2801,DGRS
2802,DGRW
2803,DIDI
2804,DIOD
2805,DISH
2806,DIVB
2807,DIVO
2808,DKNG
2809,DLHC
2810,DLNG
2811,DLPN
2812,DLTH
2813,DLTR
2814,DMAC
2815,DMLP
2816,DMRC
2817,DMTK
2818,DNLI
2819,DNMR
2820,DNOW
2821,DNUT
2822,DOCN
2823,DOCS
2824,DOGZ
2825,DOLE
2826,DOMA
2827,DOMO
2828,DOOO
2829,DOOR
2830,DORM
2831,DOYU
2832,DPRO
2833,DPST
2834,DRIO
2835,DRIP
2836,DRIV
2837,DRNA
2838,DRRX
2839,DRTT
2840,DRVN
2841,DSEY
2842,DSGX
2843,DSKE
2844,DSPC
2845,DSPG
2846,DTEA
2847,DTEC
2848,DTIL
2849,DTOX
2850,DUOL
2851,DUSL
2852,DUST
2853,DVAX
2854,DVOL
2855,DVYE
2856,DWAC
2857,DWAS
2858,DXJS
2859,DXPE
2860,DXYN
2861,DYAI
2862,DZSI
2863,EAGG
2864,EARN
2865,EAST
2866,EBAY
2867,EBIX
2868,EBIZ
2869,EBND
2870,EBON
2871,ECHO
2872,ECLN
2873,ECNS
2874,ECOL
2875,ECOM
2876,ECON
2877,ECPG
2878,ECVT
2879,EDAP
2880,EDIT
2881,EDIV
2882,EDOC
2883,EDUT
2884,EEFT
2885,EELV
2886,EEMA
2887,EEMS
2888,EEMV
2889,EFAS
2890,EFAV
2891,EFSC
2892,EGAN
2893,EGBN
2894,EGHT
2895,EGLE
2896,EGLX
2897,EGRX
2898,EHTH
2899,EIDO
2900,EIGR
2901,EINC
2902,EKSO
2903,ELAN
2904,ELDN
2905,ELMD
2906,ELMS
2907,ELOX
2908,ELVT
2909,ELYS
2910,EMAN
2911,EMGF
2912,EMKR
2913,EMLC
2914,EMLP
2915,EMQQ
2916,EMTY
2917,EMXC
2918,ENBL
2919,ENDP
2920,ENFR
2921,ENIA
2922,ENIC
2923,ENLC
2924,ENLV
2925,ENOB
2926,ENSG
2927,ENTA
2928,ENTG
2929,ENTX
2930,ENVA
2931,ENVB
2932,ENVX
2933,ENZL
2934,EOLS
2935,EOSE
2936,EPAC
2937,EPAY
2938,EPHY
2939,EPIX
2940,EPRT
2941,EPZM
2942,EQAL
2943,EQNR
2944,EQOS
2945,EQWL
2946,ERIC
2947,ERII
2948,ERTH
2949,ERYP
2950,ESCA
2951,ESGC
2952,ESGD
2953,ESGE
2954,ESGU
2955,ESNT
2956,ESPO
2957,ESPR
2958,ESRT
2959,ESSC
2960,ESTA
2961,ESTC
2962,ESTE
2963,ESXB
2964,ETAC
2965,ETNB
2966,ETON
2967,ETRN
2968,ETWO
2969,EUFN
2970,EURL
2971,EURN
2972,EUSA
2973,EVBG
2974,EVER
2975,EVFM
2976,EVGN
2977,EVGO
2978,EVLO
2979,EVLV
2980,EVOK
2981,EVOP
2982,EVRG
2983,EVRI
2984,EVTC
2985,EWBC
2986,EWEB
2987,EWGS
2988,EWRE
2989,EWUS
2990,EXAS
2991,EXEL
2992,EXLS
2993,EXPD
2994,EXPE
2995,EXPI
2996,EXPO
2997,EXPR
2998,EXTN
2999,EXTR
3000,EYEN
3001,EYES
3002,EYPT
3003,EZPW
3004,FALN
3005,FANG
3006,FANH
3007,FARM
3008,FARO
3009,FAST
3010,FATE
3011,FBHS
3012,FBIO
3013,FBIZ
3014,FBMS
3015,FBNC
3016,FBND
3017,FBRT
3018,FBRX
3019,FCBC
3020,FCEL
3021,FCFS
3022,FCOM
3023,FCPI
3024,FCPT
3025,FCRD
3026,FCUV
3027,FDIS
3028,FDLO
3029,FDMO
3030,FDMT
3031,FDNI
3032,FDRR
3033,FDUS
3034,FDVV
3035,FELE
3036,FENC
3037,FENG
3038,FENY
3039,FFBC
3040,FFIC
3041,FFIE
3042,FFIN
3043,FFNW
3044,FFTY
3045,FGEN
3046,FHLC
3047,FHTX
3048,FIBK
3049,FIDI
3050,FIDU
3051,FIGS
3052,FINV
3053,FINX
3054,FISI
3055,FISV
3056,FITB
3057,FIVG
3058,FIVN
3059,FIXD
3060,FIXX
3061,FIZZ
3062,FKWL
3063,FLBR
3064,FLCH
3065,FLDM
3066,FLEX
3067,FLGT
3068,FLIC
3069,FLMN
3070,FLNT
3071,FLOT
3072,FLOW
3073,FLQL
3074,FLRN
3075,FLUX
3076,FLWS
3077,FMAC
3078,FMAT
3079,FMBI
3080,FMNB
3081,FMTX
3082,FNCB
3083,FNCL
3084,FNDA
3085,FNDB
3086,FNDC
3087,FNDE
3088,FNDF
3089,FNDX
3090,FNGS
3091,FNHC
3092,FNKO
3093,FNLC
3094,FOCS
3095,FOLD
3096,FORA
3097,FORM
3098,FORR
3099,FOSL
3100,FOUR
3101,FOXA
3102,FOXF
3103,FPAC
3104,FPXI
3105,FQAL
3106,FRBA
3107,FRBK
3108,FREE
3109,FREL
3110,FREQ
3111,FREY
3112,FRGI
3113,FRHC
3114,FRME
3115,FROG
3116,FRPT
3117,FRSH
3118,FRSX
3119,FRTA
3120,FSLR
3121,FSLY
3122,FSMD
3123,FSTA
3124,FSTR
3125,FSTX
3126,FTAG
3127,FTAI
3128,FTCH
3129,FTCS
3130,FTCV
3131,FTDR
3132,FTEC
3133,FTEK
3134,FTFT
3135,FTGC
3136,FTRI
3137,FTRP
3138,FTSL
3139,FTSM
3140,FTXD
3141,FTXG
3142,FTXH
3143,FTXL
3144,FTXN
3145,FTXO
3146,FTXR
3147,FUBO
3148,FULC
3149,FULT
3150,FUSN
3151,FUTU
3152,FUTY
3153,FVAL
3154,FVRR
3155,FWRD
3156,FXLV
3157,FYBR
3158,GABC
3159,GAIA
3160,GAIN
3161,GALT
3162,GAME
3163,GAMR
3164,GASS
3165,GATO
3166,GATX
3167,GBCI
3168,GBDC
3169,GBIL
3170,GBIO
3171,GBOX
3172,GBUG
3173,GDDY
3174,GDEN
3175,GDOT
3176,GDRX
3177,GDXJ
3178,GDYN
3179,GENC
3180,GENE
3181,GENI
3182,GENY
3183,GEOS
3184,GERM
3185,GERN
3186,GEVO
3187,GGAL
3188,GGPI
3189,GHYB
3190,GIFI
3191,GIGB
3192,GIII
3193,GILD
3194,GILT
3195,GINN
3196,GKOS
3197,GLAD
3198,GLBE
3199,GLBS
3200,GLCN
3201,GLDD
3202,GLIN
3203,GLMD
3204,GLNG
3205,GLOP
3206,GLPG
3207,GLPI
3208,GLRE
3209,GLTO
3210,GLYC
3211,GMAB
3212,GMBL
3213,GMDA
3214,GMED
3215,GMRE
3216,GMTX
3217,GNCA
3218,GNLN
3219,GNOG
3220,GNOM
3221,GNPX
3222,GNSS
3223,GNTX
3224,GNUS
3225,GOAU
3226,GOCO
3227,GOED
3228,GOEV
3229,GOEX
3230,GOGL
3231,GOGO
3232,GOLD
3233,GOLF
3234,GOOD
3235,GOOS
3236,GORO
3237,GOSS
3238,GOTU
3239,GOVT
3240,GOVZ
3241,GPMT
3242,GPRE
3243,GPRK
3244,GPRO
3245,GRAY
3246,GRBK
3247,GREE
3248,GREK
3249,GRFS
3250,GRID
3251,GRMN
3252,GROM
3253,GROW
3254,GROY
3255,GRPN
3256,GRTS
3257,GRTX
3258,GRUB
3259,GRWG
3260,GSAT
3261,GSBC
3262,GSBD
3263,GSEW
3264,GSHD
3265,GSIE
3266,GSIT
3267,GSKY
3268,GSLC
3269,GTBP
3270,GTEK
3271,GTES
3272,GTHX
3273,GTIM
3274,GTLB
3275,GTLS
3276,GTYH
3277,GUNR
3278,GURU
3279,GUSH
3280,GVIP
3281,GWRE
3282,GWRS
3283,GXTG
3284,GYLD
3285,HAAC
3286,HACK
3287,HAFC
3288,HAIL
3289,HAIN
3290,HALL
3291,HALO
3292,HARP
3293,HASI
3294,HAUZ
3295,HAYN
3296,HAYW
3297,HBAN
3298,HBIO
3299,HBNC
3300,HCAT
3301,HCCI
3302,HCIC
3303,HCKT
3304,HCSG
3305,HDEF
3306,HDGE
3307,HDRO
3308,HDSN
3309,HEAR
3310,HEDJ
3311,HEEM
3312,HEES
3313,HEFA
3314,HEPA
3315,HERO
3316,HESM
3317,HEWG
3318,HEWJ
3319,HEXO
3320,HEZU
3321,HFFG
3322,HFWA
3323,HGEN
3324,HIBB
3325,HIBL
3326,HIBS
3327,HIMS
3328,HIMX
3329,HIPO
3330,HITI
3331,HJEN
3332,HLIO
3333,HLIT
3334,HLLY
3335,HLMN
3336,HLNE
3337,HLTH
3338,HMHC
3339,HMLP
3340,HMST
3341,HMTV
3342,HNDL
3343,HNGR
3344,HNST
3345,HOFT
3346,HOFV
3347,HOLI
3348,HOLX
3349,HOMB
3350,HOMZ
3351,HONE
3352,HOOD
3353,HOOK
3354,HOPE
3355,HRMY
3356,HROW
3357,HRTG
3358,HRTX
3359,HRZN
3360,HSBC
3361,HSIC
3362,HSII
3363,HSKA
3364,HSTM
3365,HTBI
3366,HTBK
3367,HTBX
3368,HTEC
3369,HTGC
3370,HTHT
3371,HTLD
3372,HTLF
3373,HTOO
3374,HUBG
3375,HUGE
3376,HUMA
3377,HURN
3378,HUYA
3379,HWKN
3380,HYBB
3381,HYFM
3382,HYGH
3383,HYLB
3384,HYLD
3385,HYLN
3386,HYLV
3387,HYMB
3388,HYMC
3389,HYRE
3390,HYXU
3391,HYZD
3392,HYZN
3393,HZNP
3394,HZON
3395,IAGG
3396,IART
3397,IBBJ
3398,IBBQ
3399,IBCP
3400,IBIO
3401,IBKR
3402,IBOC
3403,IBRX
3404,IBTX
3405,IBUY
3406,ICAD
3407,ICFI
3408,ICHR
3409,ICLK
3410,ICLN
3411,ICMB
3412,ICPT
3413,ICSH
3414,ICVT
3415,IDCC
3416,IDEV
3417,IDEX
3418,IDLV
3419,IDNA
3420,IDRA
3421,IDRV
3422,IDYA
3423,IEFA
3424,IEMG
3425,IETC
3426,IEUR
3427,IFGL
3428,IFRA
3429,IFRX
3430,IGAC
3431,IGHG
3432,IGIB
3433,IGIC
3434,IGLB
3435,IGMS
3436,IGOV
3437,IGRO
3438,IGSB
3439,IHAK
3440,IHDG
3441,IHRT
3442,IIIN
3443,IIIV
3444,IIVI
3445,ILPT
3446,IMAB
3447,IMAX
3448,IMBI
3449,IMCC
3450,IMCR
3451,IMGN
3452,IMLP
3453,IMMP
3454,IMMR
3455,IMNM
3456,IMOS
3457,IMRA
3458,IMTM
3459,IMTX
3460,IMUX
3461,IMVT
3462,IMXI
3463,INBX
3464,INCO
3465,INCY
3466,INDA
3467,INDB
3468,INDI
3469,INDL
3470,INDY
3471,INFI
3472,INFL
3473,INFN
3474,INFO
3475,INFU
3476,INFY
3477,INGN
3478,INGR
3479,INMB
3480,INMD
3481,INOD
3482,INOV
3483,INSE
3484,INSG
3485,INSM
3486,INSW
3487,INTC
3488,INTF
3489,INTT
3490,INTZ
3491,INVA
3492,INVE
3493,INVH
3494,INVO
3495,INVZ
3496,IONQ
3497,IONS
3498,IOSP
3499,IOVA
3500,IPAR
3501,IPAY
3502,IPGP
3503,IPKW
3504,IPOD
3505,IPOF
3506,IQDF
3507,IQDG
3508,IQLT
3509,IRBO
3510,IRBT
3511,IRDM
3512,IRIX
3513,IRNT
3514,IRTC
3515,IRWD
3516,ISBC
3517,ISEE
3518,ISRA
3519,ISSC
3520,ISTB
3521,ISUN
3522,ITCI
3523,ITEQ
3524,ITGR
3525,ITOS
3526,ITOT
3527,ITRI
3528,ITRN
3529,ITUB
3530,IUSB
3531,IUSG
3532,IUSV
3533,IVAC
3534,IVLU
3535,IVOL
3536,IXUS
3537,IZEA
3538,IZRL
3539,JACK
3540,JAGX
3541,JAMF
3542,JAZZ
3543,JBGS
3544,JBHT
3545,JBLU
3546,JBSS
3547,JDST
3548,JELD
3549,JEPI
3550,JETS
3551,JFIN
3552,JHML
3553,JJSF
3554,JKHY
3555,JMIA
3556,JMST
3557,JNCE
3558,JNPR
3559,JNUG
3560,JOAN
3561,JOBS
3562,JOBY
3563,JOET
3564,JPEM
3565,JPIN
3566,JPST
3567,JPUS
3568,JRVR
3569,JUST
3570,JYNT
3571,KALA
3572,KALU
3573,KALV
3574,KAMN
3575,KARS
3576,KBAL
3577,KBNT
3578,KBUY
3579,KBWB
3580,KBWD
3581,KBWR
3582,KBWY
3583,KDNY
3584,KEMQ
3585,KERN
3586,KEYS
3587,KFRC
3588,KFVG
3589,KGRN
3590,KIDS
3591,KINS
3592,KIRK
3593,KLDO
3594,KLIC
3595,KLNE
3596,KMDA
3597,KMPH
3598,KMPR
3599,KNBE
3600,KNDI
3601,KNOP
3602,KNSA
3603,KNTE
3604,KODK
3605,KOLD
3606,KOMP
3607,KOPN
3608,KORU
3609,KPLT
3610,KPTI
3611,KRBN
3612,KRBP
3613,KREF
3614,KRMA
3615,KRMD
3616,KRNT
3617,KRNY
3618,KRON
3619,KROS
3620,KRTX
3621,KRYS
3622,KSTR
3623,KTCC
3624,KTOS
3625,KURA
3626,KURE
3627,KVHI
3628,KWEB
3629,KXIN
3630,KYMR
3631,KZIA
3632,LABD
3633,LABU
3634,LADR
3635,LAKE
3636,LAMR
3637,LANC
3638,LAND
3639,LASR
3640,LAUR
3641,LAZR
3642,LAZY
3643,LBAI
3644,LBRT
3645,LCID
3646,LCII
3647,LCNB
3648,LCTU
3649,LCTX
3650,LCUT
3651,LDEM
3652,LDOS
3653,LEAP
3654,LECO
3655,LEGH
3656,LEGN
3657,LEGR
3658,LEJU
3659,LEMB
3660,LESL
3661,LEVI
3662,LFMD
3663,LFST
3664,LFTR
3665,LFVN
3666,LGHL
3667,LGIH
3668,LGLV
3669,LGND
3670,LHCG
3671,LHDX
3672,LICY
3673,LIDR
3674,LIFE
3675,LILA
3676,LILM
3677,LINC
3678,LIND
3679,LIQT
3680,LITE
3681,LIVN
3682,LIZI
3683,LJPC
3684,LKFN
3685,LLNW
3686,LMAT
3687,LMBS
3688,LMND
3689,LMNL
3690,LMNR
3691,LMRK
3692,LNDC
3693,LNSR
3694,LNTH
3695,LOAN
3696,LOCO
3697,LODE
3698,LOGC
3699,LOGI
3700,LOMA
3701,LOOP
3702,LOPE
3703,LOTZ
3704,LOUP
3705,LOVE
3706,LOWC
3707,LPCN
3708,LPLA
3709,LPRO
3710,LPSN
3711,LPTX
3712,LQDA
3713,LQDH
3714,LQDI
3715,LQDT
3716,LRGF
3717,LRMR
3718,LSCC
3719,LSPD
3720,LSTR
3721,LTCH
3722,LTHM
3723,LTPZ
3724,LTRN
3725,LTRX
3726,LUMN
3727,LUNA
3728,LUNG
3729,LUXA
3730,LVHD
3731,LVOX
3732,LWLG
3733,LXFR
3734,LXRX
3735,LYEL
3736,LYFT
3737,LYTS
3738,MACK
3739,MAGA
3740,MAIN
3741,MANH
3742,MANT
3743,MANU
3744,MAPS
3745,MARA
3746,MARK
3747,MASS
3748,MATW
3749,MATX
3750,MAXN
3751,MAXR
3752,MBIO
3753,MBUU
3754,MBWM
3755,MCBC
3756,MCFE
3757,MCFT
3758,MCHI
3759,MCHP
3760,MCMJ
3761,MCRB
3762,MCRI
3763,MDGL
3764,MDIV
3765,MDLZ
3766,MDRX
3767,MDVL
3768,MDWD
3769,MDXG
3770,MDYG
3771,MDYV
3772,MEIP
3773,MEOH
3774,MERC
3775,MESA
3776,MESO
3777,META
3778,METC
3779,MEXX
3780,MFGP
3781,MFIN
3782,MGEE
3783,MGIC
3784,MGLN
3785,MGNI
3786,MGNX
3787,MGPI
3788,MGRC
3789,MGTA
3790,MGTX
3791,MHLD
3792,MIDD
3793,MIDU
3794,MILE
3795,MILN
3796,MIME
3797,MIMO
3798,MIND
3799,MINT
3800,MIRM
3801,MIST
3802,MITK
3803,MITT
3804,MIXT
3805,MJXL
3806,MKFG
3807,MKSI
3808,MKTW
3809,MLCO
3810,MLKN
3811,MLPA
3812,MLPX
3813,MLSS
3814,MMAT
3815,MMLP
3816,MMSI
3817,MMYT
3818,MNDT
3819,MNKD
3820,MNMD
3821,MNOV
3822,MNRL
3823,MNRO
3824,MNSO
3825,MNST
3826,MNTS
3827,MNTV
3828,MNTX
3829,MOAT
3830,MODN
3831,MODV
3832,MOGO
3833,MOMO
3834,MOON
3835,MORF
3836,MORT
3837,MOSY
3838,MOXC
3839,MPAA
3840,MPLN
3841,MPLX
3842,MRAM
3843,MRCC
3844,MRCY
3845,MREO
3846,MRIN
3847,MRKR
3848,MRLN
3849,MRNS
3850,MRSN
3851,MRTN
3852,MRTX
3853,MRUS
3854,MRVI
3855,MRVL
3856,MSEX
3857,MSGE
3858,MSOS
3859,MTBC
3860,MTCH
3861,MTCR
3862,MTDR
3863,MTEM
3864,MTLS
3865,MTOR
3866,MTRN
3867,MTRX
3868,MTSI
3869,MTTR
3870,MTUM
3871,MUDS
3872,MUFG
3873,MUNI
3874,MUSA
3875,MVIS
3876,MVST
3877,MYGN
3878,MYMD
3879,MYOV
3880,MYPS
3881,MYRG
3882,MYTE
3883,NABL
3884,NAIL
3885,NANR
3886,NAPA
3887,NARI
3888,NATI
3889,NAUT
3890,NAVB
3891,NAVI
3892,NBEV
3893,NBHC
3894,NBIX
3895,NBRV
3896,NBSE
3897,NBTB
3898,NCBS
3899,NCLH
3900,NCMI
3901,NCNO
3902,NCTY
3903,NDLS
3904,NEAR
3905,NEGG
3906,NEOG
3907,NEON
3908,NEPT
3909,NERD
3910,NERV
3911,NESR
3912,NETL
3913,NEWP
3914,NEWR
3915,NEWT
3916,NEXA
3917,NEXT
3918,NFBK
3919,NFRA
3920,NGVC
3921,NGVT
3922,NHTC
3923,NINE
3924,NKLA
3925,NKTR
3926,NKTX
3927,NLOK
3928,NLSN
3929,NLTX
3930,NMFC
3931,NMIH
3932,NMRD
3933,NMRK
3934,NMTC
3935,NMTR
3936,NNBR
3937,NNDM
3938,NNOX
3939,NNVC
3940,NOAH
3941,NOBL
3942,NOMD
3943,NOVA
3944,NOVN
3945,NOVT
3946,NPTN
3947,NRBO
3948,NRDY
3949,NRIX
3950,NRXP
3951,NSIT
3952,NSPR
3953,NSSC
3954,NSTB
3955,NSTG
3956,NTAP
3957,NTCT
3958,NTES
3959,NTGR
3960,NTLA
3961,NTNX
3962,NTRA
3963,NTRS
3964,NTUS
3965,NTWK
3966,NUAN
3967,NUGT
3968,NUSI
3969,NUVA
3970,NUVB
3971,NVAX
3972,NVCR
3973,NVEE
3974,NVEI
3975,NVGS
3976,NVMI
3977,NVNO
3978,NVRO
3979,NVST
3980,NVTA
3981,NVVE
3982,NWBI
3983,NWPX
3984,NWSA
3985,NXGN
3986,NXRT
3987,NXST
3988,NXTC
3989,NXTD
3990,NXTG
3991,NYCB
3992,NYMT
3993,NYMX
3994,OBLG
3995,OBSV
3996,OCDX
3997,OCFC
3998,OCFT
3999,OCGN
4000,OCSL
4001,OCUL
4002,OCUP
4003,OESX
4004,OFIX
4005,OGIG
4006,OLED
4007,OLLI
4008,OLMA
4009,OLPX
4010,OMAB
4011,OMCL
4012,OMER
4013,OMEX
4014,ONCR
4015,ONCS
4016,ONCT
4017,ONDS
4018,ONEM
4019,ONEQ
4020,ONEY
4021,ONLN
4022,ONON
4023,ONTF
4024,ONTO
4025,ONTX
4026,ONVO
4027,OOMA
4028,OPAD
4029,OPCH
4030,OPEN
4031,OPFI
4032,OPRA
4033,OPRX
4034,OPTN
4035,OPTT
4036,ORAN
4037,ORCC
4038,ORCL
4039,ORGN
4040,ORGO
4041,ORGS
4042,ORIC
4043,ORLA
4044,ORMP
4045,ORPH
4046,ORTX
4047,OSBC
4048,OSCR
4049,OSIS
4050,OSMT
4051,OSPN
4052,OSTK
4053,OSUR
4054,OTEX
4055,OTIC
4056,OTIS
4057,OTLY
4058,OTMO
4059,OTRK
4060,OTTR
4061,OUNZ
4062,OUSA
4063,OUST
4064,OVID
4065,OVLH
4066,OWLT
4067,OXSQ
4068,OYST
4069,OZON
4070,PAAS
4071,PACB
4072,PACK
4073,PACW
4074,PAGP
4075,PAGS
4076,PAHC
4077,PANL
4078,PARR
4079,PASG
4080,PATH
4081,PATK
4082,PAVE
4083,PAVM
4084,PAWZ
4085,PAYA
4086,PAYO
4087,PAYS
4088,PAYX
4089,PBCT
4090,PBFX
4091,PBPB
4092,PBYI
4093,PCAR
4094,PCEF
4095,PCOM
4096,PCOR
4097,PCRX
4098,PCSB
4099,PCTI
4100,PCVX
4101,PCYG
4102,PCYO
4103,PDBC
4104,PDCE
4105,PDCO
4106,PDFS
4107,PDSB
4108,PEAK
4109,PEBO
4110,PEGA
4111,PENN
4112,PERI
4113,PESI
4114,PETQ
4115,PETS
4116,PFBC
4117,PFFA
4118,PFFD
4119,PFGC
4120,PFLT
4121,PFMT
4122,PFSI
4123,PFSW
4124,PGEN
4125,PGNY
4126,PGRE
4127,PGTI
4128,PHAS
4129,PHAT
4130,PHIO
4131,PHUN
4132,PICK
4133,PILL
4134,PINC
4135,PING
4136,PINS
4137,PIPP
4138,PIPR
4139,PIRS
4140,PIXY
4141,PKOH
4142,PLAB
4143,PLAN
4144,PLAY
4145,PLBY
4146,PLCE
4147,PLMR
4148,PLNT
4149,PLOW
4150,PLRX
4151,PLSE
4152,PLTK
4153,PLTR
4154,PLUG
4155,PLUS
4156,PLXP
4157,PLXS
4158,PLYA
4159,PMCB
4160,PMVP
4161,PNFP
4162,PNNT
4163,PNTG
4164,POLY
4165,POSH
4166,POST
4167,POTX
4168,POWI
4169,POWW
4170,PPBI
4171,PPBT
4172,PPTA
4173,PRAA
4174,PRAX
4175,PRCH
4176,PRDO
4177,PRFT
4178,PRGO
4179,PRGS
4180,PRIM
4181,PRLB
4182,PRLD
4183,PRMW
4184,PRNT
4185,PROF
4186,PROG
4187,PRPB
4188,PRPH
4189,PRPL
4190,PRPO
4191,PRQR
4192,PRSR
4193,PRTA
4194,PRTK
4195,PRTS
4196,PRTY
4197,PRVA
4198,PRVB
4199,PSCC
4200,PSCD
4201,PSCE
4202,PSCF
4203,PSCH
4204,PSCI
4205,PSCM
4206,PSCT
4207,PSEC
4208,PSEP
4209,PSFE
4210,PSMT
4211,PSNL
4212,PSTG
4213,PSTH
4214,PSTI
4215,PSTX
4216,PSXP
4217,PTBD
4218,PTCT
4219,PTEN
4220,PTGX
4221,PTLC
4222,PTMN
4223,PTNQ
4224,PTON
4225,PTRA
4226,PTVE
4227,PUBM
4228,PULS
4229,PUMP
4230,PUTW
4231,PWFL
4232,PWSC
4233,PXLW
4234,PYCR
4235,PYPD
4236,PZZA
4237,QABA
4238,QCLN
4239,QCOM
4240,QCRH
4241,QDEL
4242,QEFA
4243,QFIN
4244,QGEN
4245,QIPT
4246,QIWI
4247,QLGN
4248,QLYS
4249,QMCO
4250,QNST
4251,QQEW
4252,QQQE
4253,QQQJ
4254,QQQM
4255,QQXT
4256,QRHC
4257,QRVO
4258,QTEC
4259,QTNT
4260,QTRX
4261,QTUM
4262,QTWO
4263,QUAD
4264,QUAL
4265,QUBT
4266,QUIK
4267,QUMU
4268,QUOT
4269,QURE
4270,QYLD
4271,RAAS
4272,RADA
4273,RADI
4274,RAIL
4275,RAMP
4276,RAPT
4277,RARE
4278,RAVE
4279,RAVN
4280,RBAC
4281,RBBN
4282,RBLX
4283,RBOT
4284,RCAT
4285,RCEL
4286,RCII
4287,RCKT
4288,RCMT
4289,RCON
4290,RCUS
4291,RDFN
4292,RDHL
4293,RDIV
4294,RDNT
4295,RDUS
4296,RDVY
4297,RDWR
4298,REAL
4299,REDU
4300,REED
4301,REET
4302,REFR
4303,REGI
4304,REGL
4305,REKR
4306,RELL
4307,RELY
4308,REMX
4309,RENN
4310,REPH
4311,REPL
4312,RESN
4313,RETA
4314,RETL
4315,REVG
4316,REXR
4317,REYN
4318,REZI
4319,RFIL
4320,RGLD
4321,RGNX
4322,RICK
4323,RIDE
4324,RIGL
4325,RILY
4326,RING
4327,RIOT
4328,RKDA
4329,RKLB
4330,RKLY
4331,RLAY
4332,RLGT
4333,RLGY
4334,RLMD
4335,RMAX
4336,RMBL
4337,RMBS
4338,RMNI
4339,RMTI
4340,RNLX
4341,RNST
4342,RNWK
4343,ROAD
4344,ROBO
4345,ROBT
4346,ROCC
4347,ROCK
4348,RODM
4349,ROIC
4350,ROOT
4351,ROST
4352,ROVR
4353,RPAR
4354,RPAY
4355,RPRX
4356,RPTX
4357,RRGB
4358,RSKD
4359,RTLR
4360,RUBY
4361,RUSL
4362,RUTH
4363,RVLV
4364,RVMD
4365,RVNC
4366,RVPH
4367,RVSB
4368,RWLK
4369,RXDX
4370,RXRX
4371,RYAM
4372,RYAN
4373,RYTM
4374,SABR
4375,SACH
4376,SAFE
4377,SAFM
4378,SAFT
4379,SAGE
4380,SAIC
4381,SAIL
4382,SANA
4383,SAND
4384,SANM
4385,SANW
4386,SASR
4387,SATS
4388,SAVA
4389,SAVE
4390,SBCF
4391,SBGI
4392,SBIO
4393,SBLK
4394,SBOW
4395,SBRA
4396,SBSI
4397,SBSW
4398,SBTX
4399,SBUG
4400,SBUX
4401,SCCO
4402,SCHA
4403,SCHB
4404,SCHC
4405,SCHD
4406,SCHE
4407,SCHF
4408,SCHG
4409,SCHH
4410,SCHJ
4411,SCHK
4412,SCHL
4413,SCHM
4414,SCHN
4415,SCHO
4416,SCHP
4417,SCHR
4418,SCHV
4419,SCHW
4420,SCHX
4421,SCHY
4422,SCHZ
4423,SCOR
4424,SCPH
4425,SCPL
4426,SCSC
4427,SCVL
4428,SCWX
4429,SCYX
4430,SDEM
4431,SDGR
4432,SDIV
4433,SDOG
4434,SDOW
4435,SDVY
4436,SEAC
4437,SEAH
4438,SEAS
4439,SECO
4440,SECT
4441,SEEL
4442,SEER
4443,SEIC
4444,SELB
4445,SELF
4446,SENS
4447,SESN
4448,SFBS
4449,SFIX
4450,SFNC
4451,SGBX
4452,SGDJ
4453,SGDM
4454,SGEN
4455,SGFY
4456,SGLB
4457,SGMO
4458,SGMS
4459,SGOL
4460,SGRY
4461,SGTX
4462,SHAK
4463,SHCR
4464,SHEN
4465,SHLS
4466,SHLX
4467,SHOO
4468,SHPW
4469,SHYF
4470,SHYG
4471,SIBN
4472,SIEB
4473,SIEN
4474,SIFY
4475,SIGA
4476,SIGI
4477,SILJ
4478,SILK
4479,SILV
4480,SIMO
4481,SINO
4482,SINV
4483,SIOX
4484,SIRI
4485,SITC
4486,SIVR
4487,SIZE
4488,SJNK
4489,SKIL
4490,SKIN
4491,SKLZ
4492,SKYT
4493,SKYW
4494,SKYY
4495,SLCA
4496,SLDB
4497,SLGC
4498,SLGG
4499,SLGL
4500,SLGN
4501,SLNO
4502,SLQD
4503,SLQT
4504,SLRC
4505,SLVM
4506,SLVP
4507,SLYG
4508,SLYV
4509,SMAR
4510,SMBC
4511,SMBK
4512,SMCI
4513,SMDV
4514,SMED
4515,SMFG
4516,SMFR
4517,SMHI
4518,SMIN
4519,SMMD
4520,SMMT
4521,SMOG
4522,SMPL
4523,SMRT
4524,SMSI
4525,SMTC
4526,SNAP
4527,SNBR
4528,SNCR
4529,SNCY
4530,SNDL
4531,SNDR
4532,SNDX
4533,SNEX
4534,SNLN
4535,SNPE
4536,SNPO
4537,SNSR
4538,SOCL
4539,SOFI
4540,SOHU
4541,SOLO
4542,SOLY
4543,SONO
4544,SONY
4545,SOVO
4546,SOXL
4547,SOXQ
4548,SOXS
4549,SOYB
4550,SPAB
4551,SPAK
4552,SPCE
4553,SPCX
4554,SPDN
4555,SPDW
4556,SPEM
4557,SPEU
4558,SPFF
4559,SPGM
4560,SPGP
4561,SPHB
4562,SPHD
4563,SPHQ
4564,SPHY
4565,SPIB
4566,SPIP
4567,SPIR
4568,SPLB
4569,SPLG
4570,SPLK
4571,SPLV
4572,SPMB
4573,SPMD
4574,SPNE
4575,SPNS
4576,SPNT
4577,SPOK
4578,SPPI
4579,SPRO
4580,SPSB
4581,SPSC
4582,SPSM
4583,SPTI
4584,SPTL
4585,SPTM
4586,SPTN
4587,SPTS
4588,SPVU
4589,SPWH
4590,SPWR
4591,SPXC
4592,SPXL
4593,SPXS
4594,SPXU
4595,SPXZ
4596,SPYD
4597,SPYG
4598,SPYV
4599,SPYX
4600,SQFT
4601,SQQQ
4602,SQSP
4603,SRAD
4604,SRAX
4605,SRCE
4606,SRCL
4607,SRDX
4608,SRET
4609,SREV
4610,SRGA
4611,SRLN
4612,SRLP
4613,SRNE
4614,SRPT
4615,SRRK
4616,SRTS
4617,SRTY
4618,SRVR
4619,SSNC
4620,SSRM
4621,SSSS
4622,SSTK
4623,SSYS
4624,STAA
4625,STAB
4626,STAG
4627,STAR
4628,STBA
4629,STCN
4630,STEM
4631,STEP
4632,STFC
4633,STGW
4634,STIM
4635,STIP
4636,STKL
4637,STKS
4638,STLA
4639,STLD
4640,STNE
4641,STNG
4642,STOK
4643,STON
4644,STOR
4645,STPZ
4646,STRA
4647,STRL
4648,STRO
4649,STSA
4650,STVN
4651,STWD
4652,STXS
4653,SUBZ
4654,SUMO
4655,SUNL
4656,SUNS
4657,SUNW
4658,SUPN
4659,SUPV
4660,SURF
4661,SUSA
4662,SUSB
4663,SUSL
4664,SVFA
4665,SVRA
4666,SVVC
4667,SVXY
4668,SWBI
4669,SWCH
4670,SWIM
4671,SWIR
4672,SWKS
4673,SWTX
4674,SYBX
4675,SYLD
4676,SYNH
4677,SYNL
4678,SYPR
4679,SYRS
4680,TACO
4681,TACT
4682,TAIL
4683,TALK
4684,TALO
4685,TARA
4686,TARO
4687,TASK
4688,TAST
4689,TBBK
4690,TBLA
4691,TBNK
4692,TBPH
4693,TCBI
4694,TCBK
4695,TCDA
4696,TCMD
4697,TCOM
4698,TCON
4699,TCPC
4700,TCRR
4701,TDIV
4702,TDOC
4703,TDUP
4704,TECK
4705,TECL
4706,TECS
4707,TELL
4708,TENB
4709,TEVA
4710,TFFP
4711,TFII
4712,TFLO
4713,TFSL
4714,TGLS
4715,TGNA
4716,TGTX
4717,THCA
4718,THCX
4719,THFF
4720,THRM
4721,THRY
4722,THTX
4723,TIGR
4724,TILE
4725,TIMB
4726,TIPT
4727,TIPX
4728,TISI
4729,TITN
4730,TIXT
4731,TLIS
4732,TLMD
4733,TLRY
4734,TLSA
4735,TLYS
4736,TMAT
4737,TMDX
4738,TMFC
4739,TMHC
4740,TMST
4741,TMUS
4742,TNDM
4743,TNET
4744,TOKE
4745,TOLZ
4746,TOST
4747,TOTL
4748,TOUR
4749,TOWN
4750,TPGY
4751,TPIC
4752,TPOR
4753,TPTX
4754,TPVG
4755,TPYP
4756,TQQQ
4757,TREB
4758,TREC
4759,TREE
4760,TREX
4761,TRGP
4762,TRHC
4763,TRIB
4764,TRIN
4765,TRIP
4766,TRIT
4767,TRMB
4768,TRMK
4769,TRNO
4770,TROX
4771,TRST
4772,TRTN
4773,TRTX
4774,TRUE
4775,TRUP
4776,TRVG
4777,TRVN
4778,TRYP
4779,TSEM
4780,TSLX
4781,TTAC
4782,TTCF
4783,TTEC
4784,TTEK
4785,TTGT
4786,TTMI
4787,TTNP
4788,TTOO
4789,TTSH
4790,TTWO
4791,TUEM
4792,TUFN
4793,TURN
4794,TUSK
4795,TUYA
4796,TVTX
4797,TVTY
4798,TWIN
4799,TWKS
4800,TWND
4801,TWNK
4802,TWOU
4803,TWST
4804,TWTR
4805,TXMD
4806,TXRH
4807,TYME
4808,TZOO
4809,UAMY
4810,UAVS
4811,UBER
4812,UBSI
4813,UCBI
4814,UCTT
4815,UDOW
4816,UEIC
4817,UEPS
4818,UFCS
4819,UFPI
4820,UIHC
4821,ULBI
4822,ULCC
4823,UMBF
4824,UMDD
4825,UMPQ
4826,UNFI
4827,UNIT
4828,UNVR
4829,UPLD
4830,UPRO
4831,UPWK
4832,URBN
4833,URGN
4834,URNM
4835,UROY
4836,URTH
4837,URTY
4838,USAC
4839,USAK
4840,USAP
4841,USCI
4842,USDP
4843,USDU
4844,USFD
4845,USFR
4846,USHY
4847,USIG
4848,USIO
4849,USMC
4850,USMV
4851,USNA
4852,USPH
4853,USRT
4854,UTSI
4855,UTSL
4856,UUUU
4857,UVSP
4858,UVXY
4859,UWMC
4860,UXIN
4861,VALE
4862,VAPO
4863,VATE
4864,VBIV
4865,VBLT
4866,VBTX
4867,VCEL
4868,VCIT
4869,VCLT
4870,VCNX
4871,VCRA
4872,VCSH
4873,VCTR
4874,VCYT
4875,VECO
4876,VEGI
4877,VEON
4878,VERI
4879,VERU
4880,VERV
4881,VERX
4882,VFVA
4883,VGIT
4884,VGLT
4885,VGSH
4886,VIAC
4887,VIAV
4888,VICI
4889,VICR
4890,VIEW
4891,VIGI
4892,VINO
4893,VIPS
4894,VIRI
4895,VIRT
4896,VIRX
4897,VISL
4898,VITL
4899,VIVO
4900,VIXM
4901,VIXY
4902,VKTX
4903,VLDR
4904,VLRS
4905,VLTA
4906,VLUE
4907,VMBS
4908,VMEO
4909,VNDA
4910,VNET
4911,VNLA
4912,VNOM
4913,VNQI
4914,VNRX
4915,VNTR
4916,VOLT
4917,VONG
4918,VONV
4919,VOOV
4920,VOXX
4921,VOYA
4922,VRAY
4923,VRCA
4924,VRDN
4925,VREX
4926,VRNA
4927,VRNS
4928,VRNT
4929,VRRM
4930,VRTV
4931,VRTX
4932,VSAT
4933,VSCO
4934,VSEC
4935,VSTM
4936,VSTO
4937,VTEB
4938,VTGN
4939,VTIP
4940,VTNR
4941,VTOL
4942,VTRS
4943,VTSI
4944,VTWO
4945,VUZI
4946,VVNT
4947,VVOS
4948,VVPR
4949,VWOB
4950,VWTR
4951,VXRT
4952,VXUS
4953,VYGG
4954,VYGR
4955,VYMI
4956,VYNE
4957,VZIO
4958,WABC
4959,WAFD
4960,WANT
4961,WASH
4962,WATT
4963,WCBR
4964,WCLD
4965,WDIV
4966,WEAT
4967,WEBL
4968,WEBR
4969,WEBS
4970,WELL
4971,WERN
4972,WETF
4973,WFRD
4974,WIMI
4975,WING
4976,WIRE
4977,WISA
4978,WISH
4979,WKEY
4980,WKHS
4981,WKSP
4982,WLDN
4983,WLKP
4984,WLMS
4985,WNEB
4986,WOLF
4987,WOOD
4988,WOOF
4989,WPRT
4990,WRAP
4991,WRBY
4992,WSBC
4993,WSBF
4994,WSFS
4995,WTBA
4996,WTFC
4997,WTRG
4998,WTRH
4999,WTTR
5000,WYNN
5001,XAIR
5002,XBIO
5003,XBIT
5004,XBUY
5005,XELA
5006,XENE
5007,XENT
5008,XERS
5009,XFOR
5010,XLNX
5011,XLRE
5012,XMHQ
5013,XMLV
5014,XMMO
5015,XMTR
5016,XMVM
5017,XNCR
5018,XNET
5019,XNTK
5020,XOMA
5021,XPDI
5022,XPEL
5023,XPER
5024,XPEV
5025,XPOA
5026,XPOF
5027,XRAY
5028,XSLV
5029,XSOE
5030,XSPA
5031,XSVM
5032,XWEB
5033,XXII
5034,XYLD
5035,YALA
5036,YANG
5037,YCBD
5038,YELL
5039,YELP
5040,YETI
5041,YEXT
5042,YINN
5043,YMAB
5044,YMTX
5045,YNDX
5046,YOLO
5047,YORW
5048,YUMC
5049,ZDGE
5050,ZEPP
5051,ZEST
5052,ZETA
5053,ZEUS
5054,ZGNX
5055,ZHDG
5056,ZION
5057,ZIOP
5058,ZIXI
5059,ZKIN
5060,ZLAB
5061,ZNGA
5062,ZNTE
5063,ZNTL
5064,ZROZ
5065,ZUMZ
5066,ZYME
5067,ZYNE
5068,ZYXI
